{"cameraMode":{"drawMode":0,"name":"Shaded","section":"Shading Mode"},"sceneLighting":true,"audioPlay":false,"sceneViewState":{"showFog":true,"showMaterialUpdate":false,"showSkybox":true,"showFlares":true,"showImageEffects":true,"showParticleSystems":true},"in2DMode":false,"pivot":{"x":3.9688405990600588,"y":-0.49225330352783205,"z":-1.788975715637207},"rotation":{"x":-0.0915970504283905,"y":-0.8881692290306091,"z":0.20216482877731324,"w":-0.4023904502391815},"size":19.274524688720704,"orthographic":false}