{"cameraMode":{"drawMode":0,"name":"Shaded","section":"Shading Mode"},"sceneLighting":true,"audioPlay":false,"sceneViewState":{"showFog":true,"showMaterialUpdate":false,"showSkybox":true,"showFlares":true,"showImageEffects":true,"showParticleSystems":true},"in2DMode":false,"pivot":{"x":1.507696270942688,"y":-13.235515594482422,"z":14.206263542175293},"rotation":{"x":-0.3731940984725952,"y":-0.039790552109479907,"z":0.016012636944651605,"w":-0.9267878532409668},"size":48.784210205078128,"orthographic":false}