{"cameraMode":{"drawMode":0,"name":"Shaded","section":"Shading Mode"},"sceneLighting":true,"audioPlay":false,"sceneViewState":{"showFog":true,"showMaterialUpdate":false,"showSkybox":true,"showFlares":true,"showImageEffects":true,"showParticleSystems":true},"in2DMode":false,"pivot":{"x":-1.7524471282958985,"y":1.4140784740447999,"z":0.16090524196624757},"rotation":{"x":-0.1640932857990265,"y":-0.5963473320007324,"z":0.12617215514183045,"w":-0.7755796313285828},"size":11.131661415100098,"orthographic":false}