{"cameraMode":{"drawMode":0,"name":"Shaded","section":"Shading Mode"},"sceneLighting":true,"audioPlay":false,"sceneViewState":{"showFog":true,"showMaterialUpdate":false,"showSkybox":true,"showFlares":true,"showImageEffects":true,"showParticleSystems":true},"in2DMode":false,"pivot":{"x":-1.5275592803955079,"y":1.8764877319335938,"z":0.05973505973815918},"rotation":{"x":-0.14575320482254029,"y":-0.604861319065094,"z":0.1138198971748352,"w":-0.7745603919029236},"size":11.131661415100098,"orthographic":false}