{"cameraMode":{"drawMode":0,"name":"Shaded","section":"Shading Mode"},"sceneLighting":true,"audioPlay":false,"sceneViewState":{"showFog":true,"showMaterialUpdate":false,"showSkybox":true,"showFlares":true,"showImageEffects":true,"showParticleSystems":true},"in2DMode":false,"pivot":{"x":-68.3574447631836,"y":-126.3251953125,"z":-124.68408203125},"rotation":{"x":0.1076384037733078,"y":-0.892263650894165,"z":0.31704649329185488,"w":0.302920937538147},"size":216.9351348876953,"orthographic":false}